id,name,value1,value2,value3
1,Alleyn,Mandres,amandres0@chron.com,Services
2,Kipp,McKeevers,kmckeevers1@sciencedaily.com,Support
3,Winny,Pywell,wpywell2@amazon.com,Research and Development
4,Emylee,Hegel,ehegel3@answers.com,Training
5,Stephanie,Commin,scommin4@chron.com,Research and Development
6,Barron,Winspurr,bwinspurr5@macromedia.com,Services
7,Steward,Courteney,scourteney6@columbia.edu,Product Management
8,Dar,Clowley,dclowley7@pcworld.com,Legal
9,Misha,Stanway,mstanway8@loc.gov,Business Development
10,Paige,Tattershaw,ptattershaw9@mayoclinic.com,Research and Development
11,Cobbie,Bensen,cbensena@free.fr,Engineering
12,Sadella,Redmile,sredmileb@springer.com,Accounting
13,Wade,Ajam,wajamc@sogou.com,Research and Development
14,Jana,Pedden,jpeddend@chronoengine.com,Business Development
15,Karmen,Galbraith,kgalbraithe@dropbox.com,Business Development
16,Olivier,Tomsa,otomsaf@sitemeter.com,Accounting
17,Annabella,Rhoades,arhoadesg@cyberchimps.com,Human Resources
18,Robbert,Ghelardi,rghelardih@chron.com,Human Resources
19,Cecily,Giron,cgironi@dmoz.org,Human Resources
20,Stanfield,Chaulk,schaulkj@ocn.ne.jp,Sales
21,Bern,Snelson,bsnelsonk@senate.gov,Legal
22,Alard,Hubble,ahubblel@cafepress.com,Product Management
23,Torrey,Maasz,tmaaszm@disqus.com,Human Resources
24,Jedidiah,Scheffel,jscheffeln@squarespace.com,Support
25,Kendrick,Lared,klaredo@theglobeandmail.com,Accounting
26,Colin,Hambridge,chambridgep@pbs.org,Sales
27,Jemie,Markl,jmarklq@google.co.jp,Business Development
28,Cathi,Moakson,cmoaksonr@mail.ru,Engineering
29,Ramonda,Askin,raskins@deliciousdays.com,Training
30,Dewitt,Barme,dbarmet@dropbox.com,Marketing
31,Clayson,Jeannet,cjeannetu@pagesperso-orange.fr,Marketing
32,Emiline,Copin,ecopinv@ustream.tv,Product Management
33,Darcy,Ingamells,dingamellsw@ebay.com,Training
34,Madlen,Derle,mderlex@dyndns.org,Research and Development
35,Danica,Bartrap,dbartrapy@ihg.com,Business Development
36,Marv,Hordle,mhordlez@nyu.edu,Business Development
37,Juliette,Nicholls,jnicholls10@desdev.cn,Research and Development
38,Cully,Traves,ctraves11@qq.com,Research and Development
39,Gigi,Gutowska,ggutowska12@auda.org.au,Services
40,Joyann,Petyankin,jpetyankin13@bizjournals.com,Engineering
41,Xenia,Sidary,xsidary14@bbc.co.uk,Sales
42,Kat,Viger,kviger15@blogger.com,Support
43,Heinrick,Walklett,hwalklett16@google.com.br,Accounting
44,Giustina,Mounter,gmounter17@moonfruit.com,Engineering
45,Nina,Fritzer,nfritzer18@purevolume.com,Services
46,Fern,Medland,fmedland19@nature.com,Legal
47,Jeannette,Sheehy,jsheehy1a@webmd.com,Marketing
48,Reginauld,Novacek,rnovacek1b@opera.com,Sales
49,Deane,Melsome,dmelsome1c@xrea.com,Engineering
50,Shirleen,Melesk,smelesk1d@live.com,Support
51,Seamus,Chasmoor,schasmoor1e@youku.com,Support
52,Hermon,Barthod,hbarthod1f@usatoday.com,Sales
53,Lula,Edmondson,ledmondson1g@buzzfeed.com,Services
54,Witty,Noirel,wnoirel1h@ca.gov,Legal
55,Brianne,Trayes,btrayes1i@biglobe.ne.jp,Business Development
56,Carlie,Loude,cloude1j@va.gov,Accounting
57,Adelaide,Snyder,asnyder1k@biglobe.ne.jp,Research and Development
58,Libbie,Fydo,lfydo1l@e-recht24.de,Research and Development
59,Fayina,Huckerby,fhuckerby1m@sakura.ne.jp,Product Management
60,Waneta,Skinner,wskinner1n@redcross.org,Research and Development
61,Norina,Bartholat,nbartholat1o@indiatimes.com,Services
62,Dotty,Fylan,dfylan1p@usatoday.com,Accounting
63,Wolfy,Verdie,wverdie1q@alibaba.com,Engineering
64,Ludvig,Wye,lwye1r@ed.gov,Training
65,Keefer,McKearnen,kmckearnen1s@tiny.cc,Support
66,Wendie,Trussler,wtrussler1t@abc.net.au,Research and Development
67,Leigha,Krolik,lkrolik1u@rakuten.co.jp,Services
68,Jesse,Watson-Brown,jwatsonbrown1v@dot.gov,Sales
69,Rania,Vicarey,rvicarey1w@tripadvisor.com,Services
70,Bunnie,Lisciandri,blisciandri1x@aboutads.info,Legal
71,Kim,Messom,kmessom1y@dyndns.org,Research and Development
72,Garrik,Kelson,gkelson1z@usda.gov,Marketing
73,Kanya,Crippell,kcrippell20@networkadvertising.org,Human Resources
74,Justinn,Le Grand,jlegrand21@jiathis.com,Sales
75,Durand,Skippon,dskippon22@wisc.edu,Accounting
76,Alastair,Clendennen,aclendennen23@house.gov,Business Development
77,Gloria,Gionettitti,ggionettitti24@nbcnews.com,Training
78,Alva,Norfolk,anorfolk25@fc2.com,Business Development
79,Ray,Sandyfirth,rsandyfirth26@jimdo.com,Business Development
80,Windy,Downey,wdowney27@blinklist.com,Sales
81,Matthew,Daniells,mdaniells28@networkadvertising.org,Human Resources
82,Almeria,Tuminini,atuminini29@issuu.com,Engineering
83,Vaughn,Linbohm,vlinbohm2a@state.gov,Marketing
84,Darryl,Burnip,dburnip2b@ihg.com,Support
85,Lainey,Clemmow,lclemmow2c@goodreads.com,Product Management
86,Heindrick,Cossam,hcossam2d@bing.com,Accounting
87,Elmore,Birchenough,ebirchenough2e@dyndns.org,Legal
88,Godiva,Chadwick,gchadwick2f@cornell.edu,Training
89,Kristi,Wescott,kwescott2g@nature.com,Legal
90,Frankie,Dallander,fdallander2h@biblegateway.com,Sales
91,Tab,Ashmole,tashmole2i@ebay.co.uk,Business Development
92,Fax,Straniero,fstraniero2j@reverbnation.com,Marketing
93,Granny,Farney,gfarney2k@ifeng.com,Training
94,Cherrita,Priddie,cpriddie2l@ucsd.edu,Engineering
95,Obed,Durning,odurning2m@deviantart.com,Services
96,Vincents,Mateus,vmateus2n@com.com,Services
97,Nariko,Stollwerk,nstollwerk2o@time.com,Support
98,Ruby,Ashard,rashard2p@topsy.com,Legal
99,Lani,Cockett,lcockett2q@intel.com,Accounting
100,Moore,Chaperlin,mchaperlin2r@un.org,Research and Development
101,Wheeler,Jaggi,wjaggi2s@webeden.co.uk,Research and Development
102,Jerald,Gullberg,jgullberg2t@go.com,Legal
103,Jeanne,Alcalde,jalcalde2u@4shared.com,Legal
104,Borg,Darridon,bdarridon2v@sohu.com,Support
105,Lynnea,McClean,lmcclean2w@accuweather.com,Sales
106,Ruggiero,Blincoe,rblincoe2x@oakley.com,Sales
107,Flss,Gislebert,fgislebert2y@bravesites.com,Support
108,Candida,Pooke,cpooke2z@chicagotribune.com,Product Management
109,Kelbee,Leathley,kleathley30@apache.org,Business Development
110,Phip,Duncklee,pduncklee31@trellian.com,Engineering
111,Martyn,Redfern,mredfern32@netlog.com,Legal
112,Ann,Theurer,atheurer33@hugedomains.com,Sales
113,Genvieve,Orht,gorht34@reddit.com,Product Management
114,Rozalie,Tomaino,rtomaino35@bbc.co.uk,Accounting
115,Amandie,Fiddeman,afiddeman36@hud.gov,Product Management
116,Verena,Carlin,vcarlin37@wisc.edu,Marketing
117,Penny,Marsters,pmarsters38@cam.ac.uk,Accounting
118,Pooh,Chugg,pchugg39@go.com,Business Development
119,Cheri,McCuthais,cmccuthais3a@blogger.com,Support
120,Rusty,Baudains,rbaudains3b@cloudflare.com,Training
121,Teddy,McMurraya,tmcmurraya3c@washington.edu,Human Resources
122,Grange,Trenchard,gtrenchard3d@who.int,Research and Development
123,Demetria,Blumsom,dblumsom3e@pinterest.com,Engineering
124,Cynthy,Sandbach,csandbach3f@desdev.cn,Marketing
125,Gilli,Stillman,gstillman3g@angelfire.com,Marketing
126,Barb,Foyster,bfoyster3h@webeden.co.uk,Engineering
127,Eba,Gore,egore3i@vinaora.com,Business Development
128,Dud,Hatfield,dhatfield3j@symantec.com,Research and Development
129,Kevyn,Berard,kberard3k@etsy.com,Services
130,Merrel,Binne,mbinne3l@taobao.com,Training
131,Paige,Duchatel,pduchatel3m@paginegialle.it,Support
132,Nealon,Petroff,npetroff3n@clickbank.net,Accounting
133,Pandora,Burk,pburk3o@wunderground.com,Product Management
134,Mordecai,Barwack,mbarwack3p@mapy.cz,Support
135,Griffy,Barrett,gbarrett3q@cbc.ca,Product Management
136,Gabriela,Beloe,gbeloe3r@ask.com,Services
137,Kippy,Erley,kerley3s@prlog.org,Product Management
138,Bertrando,Methuen,bmethuen3t@facebook.com,Training
139,Judith,Beckley,jbeckley3u@statcounter.com,Support
140,Lanae,Jankiewicz,ljankiewicz3v@so-net.ne.jp,Training
141,Karilynn,Forgan,kforgan3w@msu.edu,Marketing
142,Cathrin,Finnan,cfinnan3x@hp.com,Services
143,Alexandros,Peggrem,apeggrem3y@amazon.com,Research and Development
144,Adrianne,Puig,apuig3z@rakuten.co.jp,Human Resources
145,Elisabeth,Eallis,eeallis40@barnesandnoble.com,Training
146,Romain,Dixcey,rdixcey41@sogou.com,Training
147,Reece,McCullen,rmccullen42@mediafire.com,Sales
148,Averell,Beades,abeades43@bizjournals.com,Product Management
149,Tailor,Yakebowitch,tyakebowitch44@goo.ne.jp,Product Management
150,Ase,Hubber,ahubber45@about.com,Training
151,Sal,Gotling,sgotling46@wikispaces.com,Services
152,Hilario,Naptin,hnaptin47@ca.gov,Legal
153,Marnie,MacShirie,mmacshirie48@imgur.com,Marketing
154,Ethelda,Burch,eburch49@usda.gov,Human Resources
155,Nomi,Amar,namar4a@ox.ac.uk,Research and Development
156,Jania,Hatherley,jhatherley4b@businessinsider.com,Business Development
157,Maryanne,Arpur,marpur4c@psu.edu,Research and Development
158,Frank,Rizzetti,frizzetti4d@adobe.com,Support
159,Suzann,Flancinbaum,sflancinbaum4e@bing.com,Human Resources
160,Christa,Priter,cpriter4f@nps.gov,Support
161,Egbert,Cafferky,ecafferky4g@forbes.com,Support
162,Elle,Davitashvili,edavitashvili4h@is.gd,Product Management
163,Ricard,Minchinton,rminchinton4i@ustream.tv,Human Resources
164,Cordell,Marriage,cmarriage4j@yellowbook.com,Services
165,Diandra,Abrahamson,dabrahamson4k@unicef.org,Sales
166,Orlan,Kubista,okubista4l@xrea.com,Business Development
167,Federico,Machent,fmachent4m@furl.net,Support
168,Valaria,Jerson,vjerson4n@nps.gov,Services
169,Giuseppe,O'Leagham,goleagham4o@howstuffworks.com,Business Development
170,Gillie,Denerley,gdenerley4p@adobe.com,Engineering
171,Elihu,Gosse,egosse4q@etsy.com,Legal
172,Valentia,Woofenden,vwoofenden4r@qq.com,Accounting
173,Port,Jacobson,pjacobson4s@instagram.com,Support
174,Patrizio,Tippin,ptippin4t@delicious.com,Product Management
175,Asher,Hazard,ahazard4u@photobucket.com,Engineering
176,Alwin,Hitzmann,ahitzmann4v@forbes.com,Support
177,Ely,Maro,emaro4w@xrea.com,Human Resources
178,Jaye,Surby,jsurby4x@chronoengine.com,Training
179,Nettie,Carillo,ncarillo4y@hhs.gov,Support
180,Vitoria,Really,vreally4z@google.es,Legal
181,Maudie,Blest,mblest50@prnewswire.com,Research and Development
182,Lela,Gley,lgley51@deliciousdays.com,Product Management
183,Katharina,Kubala,kkubala52@cdbaby.com,Services
184,Amberly,Coldbath,acoldbath53@squidoo.com,Business Development
185,Brianna,Wyldes,bwyldes54@about.com,Sales
186,Wake,Reburn,wreburn55@mit.edu,Research and Development
187,Kippar,Brocklesby,kbrocklesby56@epa.gov,Services
188,Jenelle,Schimaschke,jschimaschke57@nyu.edu,Engineering
189,Chrystel,Pagett,cpagett58@statcounter.com,Product Management
190,Antonietta,Hexam,ahexam59@hugedomains.com,Training
191,Bryana,Nulty,bnulty5a@oracle.com,Training
192,Catherina,Milhench,cmilhench5b@guardian.co.uk,Services
193,Daveta,Swannick,dswannick5c@blog.com,Support
194,Krysta,Lorinez,klorinez5d@apache.org,Services
195,Mikel,Isoldi,misoldi5e@intel.com,Product Management
196,Alicea,Jellico,ajellico5f@toplist.cz,Support
197,Jemie,Mirams,jmirams5g@xinhuanet.com,Support
198,Jo-ann,Wathall,jwathall5h@slashdot.org,Support
199,Lillis,Peirson,lpeirson5i@whitehouse.gov,Training
200,Oliver,Maffetti,omaffetti5j@newsvine.com,Product Management
201,Glenda,Whyler,gwhyler5k@unesco.org,Research and Development
202,Saba,Waye,swaye5l@simplemachines.org,Engineering
203,Michale,Havvock,mhavvock5m@samsung.com,Support
204,Corinna,Smartman,csmartman5n@apple.com,Marketing
205,Oralla,Jori,ojori5o@1688.com,Sales
206,Obadias,Dabernott,odabernott5p@photobucket.com,Services
207,Verne,Labat,vlabat5q@columbia.edu,Research and Development
208,Zelig,Bartoloma,zbartoloma5r@w3.org,Services
209,Burch,Feltoe,bfeltoe5s@google.co.jp,Training
210,Olly,Bench,obench5t@princeton.edu,Marketing
211,Lara,Bramble,lbramble5u@networkadvertising.org,Legal
212,Ricca,Leindecker,rleindecker5v@google.co.jp,Services
213,Mikkel,Gomersal,mgomersal5w@webs.com,Product Management
214,Katharyn,Lukasik,klukasik5x@wikipedia.org,Training
215,Darcy,Sommerlin,dsommerlin5y@google.pl,Support
216,Adrianne,Lyburn,alyburn5z@mapquest.com,Accounting
217,Ruby,Wakley,rwakley60@biblegateway.com,Sales
218,Arron,Mohan,amohan61@taobao.com,Accounting
219,Ellwood,MacAne,emacane62@sphinn.com,Marketing
220,Hill,Bigland,hbigland63@huffingtonpost.com,Product Management
221,Drew,Snozzwell,dsnozzwell64@jugem.jp,Services
222,Raquel,Calafate,rcalafate65@discuz.net,Accounting
223,Crissy,Ropking,cropking66@blogtalkradio.com,Services
224,Daune,Betts,dbetts67@latimes.com,Engineering
225,Roslyn,Pudsall,rpudsall68@sbwire.com,Marketing
226,Barris,Kremer,bkremer69@cbc.ca,Product Management
227,Kamillah,Kiledal,kkiledal6a@tripod.com,Engineering
228,Ashly,Boise,aboise6b@archive.org,Engineering
229,Alexandra,Gamblin,agamblin6c@mapy.cz,Sales
230,Edin,Benninger,ebenninger6d@theatlantic.com,Research and Development
231,Ramsey,Clemmitt,rclemmitt6e@ftc.gov,Training
232,Maxie,Mayman,mmayman6f@elpais.com,Research and Development
233,Davin,Yashaev,dyashaev6g@google.com.br,Engineering
234,Frederich,Aucutt,faucutt6h@storify.com,Support
235,Fee,Giovannoni,fgiovannoni6i@google.nl,Research and Development
236,Drew,Lunnon,dlunnon6j@gizmodo.com,Support
237,Gerianna,Condy,gcondy6k@msn.com,Services
238,Mariel,Ambroisin,mambroisin6l@exblog.jp,Services
239,Shandeigh,McGaugan,smcgaugan6m@ftc.gov,Services
240,Vachel,Janz,vjanz6n@dagondesign.com,Product Management
241,Torey,Hadye,thadye6o@facebook.com,Product Management
242,Valle,Coorington,vcoorington6p@xrea.com,Human Resources
243,Zerk,Regglar,zregglar6q@epa.gov,Business Development
244,Seumas,Glavias,sglavias6r@simplemachines.org,Engineering
245,La verne,Simion,lsimion6s@mit.edu,Product Management
246,Rachael,Goodbody,rgoodbody6t@posterous.com,Services
247,Stacie,Coole,scoole6u@joomla.org,Marketing
248,Antonius,Armal,aarmal6v@indiegogo.com,Training
249,Romonda,Peasnone,rpeasnone6w@stumbleupon.com,Human Resources
250,Blake,Reisenstein,breisenstein6x@cnbc.com,Product Management
251,Morton,O'Scollee,moscollee6y@google.fr,Research and Development
252,Ailis,Loosemore,aloosemore6z@indiatimes.com,Business Development
253,Claire,Anthes,canthes70@flickr.com,Training
254,Terri,MacTerlagh,tmacterlagh71@nasa.gov,Support
255,Lurleen,Gimson,lgimson72@tiny.cc,Legal
256,Mikkel,Gooble,mgooble73@ucoz.com,Marketing
257,Georgeta,Clackers,gclackers74@census.gov,Support
258,Starr,Mcwhinney,smcwhinney75@cafepress.com,Business Development
259,Cyb,Stovold,cstovold76@bizjournals.com,Services
260,Lucio,Meldrum,lmeldrum77@theguardian.com,Sales
261,Cal,Warden,cwarden78@msn.com,Support
262,Chiarra,Lund,clund79@tmall.com,Legal
263,Nonah,Worner,nworner7a@upenn.edu,Human Resources
264,Georgianna,Sawden,gsawden7b@bing.com,Business Development
265,Lita,Battabee,lbattabee7c@cpanel.net,Research and Development
266,D'arcy,Guillou,dguillou7d@histats.com,Engineering
267,Abra,Stoller,astoller7e@tinyurl.com,Product Management
268,Eda,Lindblom,elindblom7f@google.es,Accounting
269,Zorah,Pickhaver,zpickhaver7g@nbcnews.com,Marketing
270,Jasmin,Dacres,jdacres7h@unicef.org,Accounting
271,Katine,Chipps,kchipps7i@devhub.com,Training
272,Albert,Coulter,acoulter7j@biblegateway.com,Sales
273,Mitchael,Nornable,mnornable7k@exblog.jp,Legal
274,Clarinda,Rattray,crattray7l@scientificamerican.com,Marketing
275,Cris,D'Almeida,cdalmeida7m@ning.com,Legal
276,Angelico,Mildenhall,amildenhall7n@adobe.com,Accounting
277,Jarrett,Couzens,jcouzens7o@drupal.org,Marketing
278,Consuela,Arman,carman7p@google.co.jp,Training
279,Garth,Dashkov,gdashkov7q@google.it,Engineering
280,Berti,Itzkowicz,bitzkowicz7r@businesswire.com,Product Management
281,Krystyna,Fautly,kfautly7s@bluehost.com,Business Development
282,Engelbert,Mariaud,emariaud7t@linkedin.com,Marketing
283,Pepillo,Bibb,pbibb7u@joomla.org,Human Resources
284,Helyn,Brockelsby,hbrockelsby7v@surveymonkey.com,Services
285,Dag,Roswarne,droswarne7w@scribd.com,Research and Development
286,Carroll,Craise,ccraise7x@newyorker.com,Research and Development
287,Derrek,Cisar,dcisar7y@is.gd,Marketing
288,Lorettalorna,Plak,lplak7z@amazon.com,Accounting
289,Lauritz,Munson,lmunson80@washingtonpost.com,Business Development
290,Valina,Griniov,vgriniov81@artisteer.com,Accounting
291,Idalia,Oakinfold,ioakinfold82@eventbrite.com,Legal
292,Stanislas,Headech,sheadech83@sphinn.com,Sales
293,Sidnee,Harhoff,sharhoff84@4shared.com,Legal
294,Ronica,Mulmuray,rmulmuray85@quantcast.com,Services
295,Veradis,Duffett,vduffett86@nsw.gov.au,Human Resources
296,Granny,Farnell,gfarnell87@wufoo.com,Business Development
297,Kim,Hail,khail88@forbes.com,Legal
298,Haywood,Kilgallon,hkilgallon89@xrea.com,Human Resources
299,Cassandry,Elcocks,celcocks8a@seattletimes.com,Research and Development
300,Emmott,Krikorian,ekrikorian8b@ox.ac.uk,Accounting
301,Weylin,Walewicz,wwalewicz8c@cloudflare.com,Product Management
302,Kingston,Lightbourne,klightbourne8d@netscape.com,Business Development
303,Alvera,Lumm,alumm8e@vinaora.com,Legal
304,Gennifer,Cella,gcella8f@youtube.com,Business Development
305,Wilfrid,Le Blond,wleblond8g@elegantthemes.com,Research and Development
306,Carlye,Savin,csavin8h@icio.us,Human Resources
307,Sid,Murrison,smurrison8i@archive.org,Legal
308,Raeann,Giacobelli,rgiacobelli8j@networkadvertising.org,Legal
309,Ferdie,Lezemere,flezemere8k@cargocollective.com,Support
310,Cord,Godney,cgodney8l@clickbank.net,Engineering
311,Danette,Bradley,dbradley8m@apache.org,Legal
312,Stephenie,Duberry,sduberry8n@scientificamerican.com,Product Management
313,Kitti,Blanchard,kblanchard8o@clickbank.net,Product Management
314,Yale,Lysaght,ylysaght8p@addtoany.com,Support
315,Lyn,Sabatier,lsabatier8q@netscape.com,Support
316,Howey,Deesly,hdeesly8r@accuweather.com,Research and Development
317,Bethena,De Goey,bdegoey8s@buzzfeed.com,Legal
318,Gwyn,Prandin,gprandin8t@mapquest.com,Human Resources
319,Dallas,Skelhorne,dskelhorne8u@imdb.com,Support
320,Haskel,Befroy,hbefroy8v@twitpic.com,Legal
321,Priscilla,Alderman,palderman8w@parallels.com,Engineering
322,Elena,Gabey,egabey8x@etsy.com,Legal
323,Mitchael,Godlonton,mgodlonton8y@apple.com,Marketing
324,Aila,Dombrell,adombrell8z@virginia.edu,Support
325,Deane,Malyj,dmalyj90@cnbc.com,Services
326,Jessalin,Hawken,jhawken91@flavors.me,Human Resources
327,Layla,Avramovsky,lavramovsky92@patch.com,Training
328,Ida,Elkins,ielkins93@ocn.ne.jp,Business Development
329,Bibby,Pollitt,bpollitt94@nih.gov,Training
330,Esma,Gerrietz,egerrietz95@loc.gov,Accounting
331,Edouard,Baversor,ebaversor96@tumblr.com,Legal
332,Trent,Helbeck,thelbeck97@biglobe.ne.jp,Accounting
333,Stewart,Kinch,skinch98@uol.com.br,Legal
334,Tamarah,Midford,tmidford99@bloglovin.com,Accounting
335,Ogden,Staden,ostaden9a@lulu.com,Business Development
336,Faunie,Stilgoe,fstilgoe9b@instagram.com,Engineering
337,Tito,MacInerney,tmacinerney9c@diigo.com,Research and Development
338,Pooh,Piggin,ppiggin9d@google.nl,Business Development
339,Penelope,Groger,pgroger9e@nature.com,Support
340,Chet,Brecken,cbrecken9f@paginegialle.it,Training
341,Cynthia,Keelan,ckeelan9g@google.ca,Support
342,Agneta,Iaduccelli,aiaduccelli9h@furl.net,Accounting
343,Sterne,Tomaszek,stomaszek9i@sun.com,Accounting
344,Bartlett,Richfield,brichfield9j@cnbc.com,Product Management
345,Toddy,Seebright,tseebright9k@aol.com,Human Resources
346,Michaela,Cyson,mcyson9l@jigsy.com,Business Development
347,Muffin,Stefi,mstefi9m@360.cn,Business Development
348,Padgett,Dockrey,pdockrey9n@nba.com,Sales
349,Melita,Fogg,mfogg9o@topsy.com,Engineering
350,Lannie,Handley,lhandley9p@free.fr,Training
351,Patricia,Wolfendell,pwolfendell9q@unesco.org,Sales
352,Sayers,Pauly,spauly9r@unblog.fr,Research and Development
353,Rad,Vause,rvause9s@chronoengine.com,Product Management
354,Tierney,Brewood,tbrewood9t@infoseek.co.jp,Business Development
355,Corabelle,Karchewski,ckarchewski9u@facebook.com,Accounting
356,Kayne,Cooke,kcooke9v@microsoft.com,Legal
357,Dita,Nelhams,dnelhams9w@issuu.com,Accounting
358,Wilone,Solloway,wsolloway9x@plala.or.jp,Business Development
359,Toby,Meah,tmeah9y@ebay.com,Engineering
360,Benedict,Bloggett,bbloggett9z@bloglovin.com,Services
361,Demetria,Gonsalvez,dgonsalveza0@tinyurl.com,Services
362,Jeanie,Thaxton,jthaxtona1@who.int,Support
363,Buiron,Bleyman,bbleymana2@paginegialle.it,Support
364,Willy,Fenemore,wfenemorea3@unblog.fr,Services
365,Annecorinne,Pashley,apashleya4@barnesandnoble.com,Engineering
366,Chrysler,Blaksley,cblaksleya5@umn.edu,Training
367,Tandie,Yeardley,tyeardleya6@tamu.edu,Legal
368,Collin,Pllu,cpllua7@dyndns.org,Research and Development
369,Randene,Buckthorp,rbuckthorpa8@yahoo.com,Research and Development
370,Gerti,Heintz,gheintza9@cnet.com,Sales
371,Lawton,Breche,lbrecheaa@bbb.org,Legal
372,Kimberley,Faber,kfaberab@telegraph.co.uk,Research and Development
373,Ian,Kivlehan,ikivlehanac@networksolutions.com,Support
374,Kippy,Hlavecek,khlavecekad@icio.us,Human Resources
375,Patrick,Laddle,pladdleae@behance.net,Research and Development
376,Reade,Carrivick,rcarrivickaf@wired.com,Legal
377,Madeline,Hambrick,mhambrickag@netvibes.com,Training
378,Traci,Dudderidge,tdudderidgeah@wp.com,Accounting
379,Kerwinn,Petrik,kpetrikai@cbc.ca,Support
380,Norrie,Firk,nfirkaj@nba.com,Engineering
381,Dita,Murby,dmurbyak@google.ca,Accounting
382,Nadine,Aveling,navelingal@illinois.edu,Human Resources
383,Alica,Yoxen,ayoxenam@creativecommons.org,Support
384,Granger,Girodon,ggirodonan@simplemachines.org,Research and Development
385,Sansone,Asipenko,sasipenkoao@wsj.com,Training
386,Whitney,Hughland,whughlandap@liveinternet.ru,Accounting
387,Maxi,Tilne,mtilneaq@hostgator.com,Sales
388,Brewster,Bockman,bbockmanar@fema.gov,Research and Development
389,Maryrose,Copsey,mcopseyas@elpais.com,Business Development
390,Lana,Marzellano,lmarzellanoat@nifty.com,Engineering
391,Sam,Dowman,sdowmanau@zdnet.com,Research and Development
392,Horacio,Szymaniak,hszymaniakav@mlb.com,Human Resources
393,Camey,McQuillen,cmcquillenaw@weebly.com,Services
394,Omero,Russi,orussiax@accuweather.com,Research and Development
395,Golda,Callcott,gcallcottay@harvard.edu,Marketing
396,Teresa,Legendre,tlegendreaz@imdb.com,Sales
397,Dedie,Dockrill,ddockrillb0@army.mil,Product Management
398,Aridatha,Petrolli,apetrollib1@fc2.com,Engineering
399,Herc,de Clerq,hdeclerqb2@xrea.com,Marketing
400,Corri,Kenewel,ckenewelb3@archive.org,Training
401,Dorette,Gawthorp,dgawthorpb4@un.org,Sales
402,Morse,Godsafe,mgodsafeb5@fastcompany.com,Services
403,Jabez,Milillo,jmilillob6@jiathis.com,Legal
404,Estevan,Impett,eimpettb7@cnbc.com,Sales
405,Flore,Maton,fmatonb8@craigslist.org,Marketing
406,Domeniga,Ransfield,dransfieldb9@yelp.com,Accounting
407,Solly,Patrie,spatrieba@pen.io,Research and Development
408,Irvin,Davio,idaviobb@bloglines.com,Business Development
409,Ferd,Hambric,fhambricbc@state.tx.us,Training
410,Rhianon,Alabone,ralabonebd@skyrock.com,Product Management
411,Davey,Kubica,dkubicabe@army.mil,Services
412,Lonnie,Burchell,lburchellbf@ehow.com,Business Development
413,Sasha,Duddan,sduddanbg@prweb.com,Training
414,Cecilio,Lorain,clorainbh@furl.net,Engineering
415,Sherye,Pusey,spuseybi@whitehouse.gov,Training
416,Abbott,Marieton,amarietonbj@alibaba.com,Business Development
417,Dagmar,Goodall,dgoodallbk@google.de,Engineering
418,Bert,Hubball,bhubballbl@woothemes.com,Engineering
419,Huntlee,Perotti,hperottibm@arstechnica.com,Business Development
420,Vina,Parkes,vparkesbn@wordpress.org,Research and Development
421,Kaylyn,La Batie,klabatiebo@army.mil,Marketing
422,Adel,Gadney,agadneybp@macromedia.com,Training
423,Sheeree,Papworth,spapworthbq@exblog.jp,Research and Development
424,Jarrett,Keatley,jkeatleybr@posterous.com,Legal
425,Frederigo,Fowden,ffowdenbs@washingtonpost.com,Business Development
426,Fleur,Tidgewell,ftidgewellbt@slate.com,Product Management
427,Ailee,Bruffell,abruffellbu@sbwire.com,Marketing
428,Corenda,Euels,ceuelsbv@usa.gov,Product Management
429,Esra,Janik,ejanikbw@spotify.com,Research and Development
430,Cathrine,Cafferky,ccafferkybx@dailymail.co.uk,Product Management
431,Lynda,McRory,lmcroryby@webnode.com,Business Development
432,Lorne,Corrado,lcorradobz@shop-pro.jp,Support
433,Yancy,Boustead,ybousteadc0@usa.gov,Business Development
434,Arlyne,Froome,afroomec1@bluehost.com,Marketing
435,Rubia,Elegood,relegoodc2@hexun.com,Accounting
436,Sigismondo,Wadhams,swadhamsc3@dyndns.org,Research and Development
437,Corrie,O'Gormally,cogormallyc4@twitpic.com,Services
438,Hughie,Schanke,hschankec5@weather.com,Sales
439,Celie,Eefting,ceeftingc6@amazonaws.com,Human Resources
440,Carolann,Ruprecht,cruprechtc7@printfriendly.com,Training
441,Keri,Gilhooley,kgilhooleyc8@prweb.com,Training
442,Rheba,Simoncelli,rsimoncellic9@stumbleupon.com,Marketing
443,Antons,Chaters,achatersca@360.cn,Support
444,Antonius,Etchells,aetchellscb@unesco.org,Business Development
445,Penrod,Ferrolli,pferrollicc@google.es,Engineering
446,Siffre,Kinchington,skinchingtoncd@cpanel.net,Support
447,Erik,Dungay,edungayce@google.es,Services
448,Kettie,Pratton,kprattoncf@imdb.com,Training
449,Joachim,Matuschek,jmatuschekcg@com.com,Research and Development
450,Mitchael,O'Gormley,mogormleych@princeton.edu,Training
451,Ainslee,Bleackley,ableackleyci@salon.com,Services
452,Niall,Colrein,ncolreincj@geocities.jp,Support
453,Oswald,Quinney,oquinneyck@friendfeed.com,Services
454,Kellen,Forbes,kforbescl@dmoz.org,Legal
455,Kathi,Geator,kgeatorcm@businesswire.com,Human Resources
456,Alika,Blakeman,ablakemancn@youtu.be,Human Resources
457,Briant,Illidge,billidgeco@time.com,Sales
458,Karlie,Bengochea,kbengocheacp@themeforest.net,Sales
459,Riannon,Chetwind,rchetwindcq@bizjournals.com,Engineering
460,Sinclair,Seymer,sseymercr@cbc.ca,Support
461,Roana,Housam,rhousamcs@ucsd.edu,Accounting
462,Moselle,Wickson,mwicksonct@moonfruit.com,Training
463,Leonardo,Asman,lasmancu@sciencedaily.com,Business Development
464,Genna,Sheehan,gsheehancv@sfgate.com,Product Management
465,Marion,Stayte,mstaytecw@tinypic.com,Business Development
466,Georgena,Disney,gdisneycx@51.la,Business Development
467,Allyn,Vairow,avairowcy@facebook.com,Marketing
468,Ethelin,Yearne,eyearnecz@weibo.com,Accounting
469,Alica,McCole,amccoled0@si.edu,Accounting
470,Glynda,Quiney,gquineyd1@microsoft.com,Training
471,Kendall,Schlagman,kschlagmand2@joomla.org,Marketing
472,Dalston,Merigon,dmerigond3@prweb.com,Legal
473,Nevin,Blandamore,nblandamored4@prnewswire.com,Sales
474,Henrietta,Cotgrove,hcotgroved5@berkeley.edu,Engineering
475,Nedda,Deignan,ndeignand6@cargocollective.com,Sales
476,Florinda,Treweke,ftreweked7@wunderground.com,Services
477,Granthem,Darco,gdarcod8@google.com.br,Research and Development
478,Nicolette,Cakes,ncakesd9@webeden.co.uk,Support
479,Stormi,Albon,salbonda@t-online.de,Services
480,Bess,Cowthard,bcowtharddb@state.tx.us,Human Resources
481,Kristel,Cattermull,kcattermulldc@tinypic.com,Product Management
482,Cos,Celier,ccelierdd@bluehost.com,Human Resources
483,Bruno,Jefferson,bjeffersonde@furl.net,Human Resources
484,Christoph,Bissett,cbissettdf@example.com,Accounting
485,Laurene,MacMenemy,lmacmenemydg@geocities.com,Research and Development
486,Dasha,Sindall,dsindalldh@newsvine.com,Product Management
487,Dell,Bodycote,dbodycotedi@intel.com,Services
488,Sonya,Assad,sassaddj@ca.gov,Marketing
489,Oberon,Kadar,okadardk@360.cn,Training
490,Alexandros,Burkart,aburkartdl@china.com.cn,Sales
491,Antonetta,Ickovic,aickovicdm@hc360.com,Training
492,Rip,Yakebovich,ryakebovichdn@usgs.gov,Human Resources
493,Barnard,Frenchum,bfrenchumdo@patch.com,Business Development
494,Trueman,Longforth,tlongforthdp@webnode.com,Training
495,Ladonna,Hast,lhastdq@pbs.org,Business Development
496,Deena,Lockie,dlockiedr@addthis.com,Accounting
497,Hazel,Lownes,hlownesds@sciencedaily.com,Business Development
498,Sayres,Burk,sburkdt@hc360.com,Services
499,Ann,Vales,avalesdu@tinyurl.com,Support
500,Mikael,Worms,mwormsdv@youtu.be,Services
501,Juieta,Axelbee,jaxelbeedw@irs.gov,Training
502,Hallie,Gumbrell,hgumbrelldx@nationalgeographic.com,Legal
503,Benedetto,Pinkney,bpinkneydy@plala.or.jp,Support
504,Kissee,Etheredge,ketheredgedz@eventbrite.com,Accounting
505,Tory,Dikels,tdikelse0@businesswire.com,Engineering
506,Brody,Rignoldes,brignoldese1@fda.gov,Marketing
507,Jacquelynn,Oxe,joxee2@cisco.com,Human Resources
508,Tadio,Churn,tchurne3@behance.net,Product Management
509,Darby,Michurin,dmichurine4@go.com,Sales
510,Jaquenetta,Birdwhistle,jbirdwhistlee5@latimes.com,Human Resources
511,Jeth,Lyenyng,jlyenynge6@google.com.au,Human Resources
512,Cecilius,Ritzman,critzmane7@free.fr,Product Management
513,Malorie,Gerleit,mgerleite8@infoseek.co.jp,Business Development
514,Benni,Newick,bnewicke9@123-reg.co.uk,Training
515,Loralee,Hofner,lhofnerea@wikispaces.com,Marketing
516,Elyse,Goford,egofordeb@goo.gl,Sales
517,Breanne,Tibbetts,btibbettsec@sfgate.com,Accounting
518,Callida,Junes,cjunesed@xing.com,Training
519,Cybill,Sedgemond,csedgemondee@myspace.com,Marketing
520,Abrahan,Scrivner,ascrivneref@apache.org,Engineering
521,Mellie,McSperrin,mmcsperrineg@fda.gov,Business Development
522,Rubetta,Hairon,rhaironeh@fotki.com,Services
523,Kala,Fellis,kfellisei@indiegogo.com,Accounting
524,Sapphira,Tibbits,stibbitsej@nih.gov,Support
525,Moises,Davidi,mdavidiek@bbb.org,Human Resources
526,Charlotta,Strase,cstraseel@ucla.edu,Accounting
527,Maxy,Lux,mluxem@sfgate.com,Human Resources
528,Ogdon,De Vries,odevriesen@joomla.org,Services
529,Burt,Walkinshaw,bwalkinshaweo@bloglovin.com,Human Resources
530,Al,Aird,aairdep@mayoclinic.com,Product Management
531,Nady,Snewin,nsnewineq@oakley.com,Accounting
532,Isak,Simion,isimioner@constantcontact.com,Research and Development
533,Abbie,Hartus,ahartuses@rakuten.co.jp,Product Management
534,Ker,Egginson,kegginsonet@oakley.com,Product Management
535,Gardiner,Matthews,gmatthewseu@sourceforge.net,Training
536,Efrem,Elkington,eelkingtonev@ocn.ne.jp,Legal
537,Leontine,Blowick,lblowickew@xing.com,Legal
538,Celestine,Plail,cplailex@quantcast.com,Business Development
539,Benedikta,Gajownik,bgajownikey@last.fm,Sales
540,Lannie,Dennis,ldennisez@statcounter.com,Legal
541,Cati,Heppner,cheppnerf0@princeton.edu,Business Development
542,Clarey,Danielkiewicz,cdanielkiewiczf1@tripod.com,Services
543,Addie,Hanhardt,ahanhardtf2@gmpg.org,Business Development
544,Delphinia,Snaith,dsnaithf3@wix.com,Marketing
545,Zachery,Hassey,zhasseyf4@vk.com,Human Resources
546,Cam,Espinazo,cespinazof5@jugem.jp,Accounting
547,Salomi,Crinidge,scrinidgef6@toplist.cz,Marketing
548,Jannelle,Rosenbloom,jrosenbloomf7@house.gov,Accounting
549,Francisco,Torn,ftornf8@amazonaws.com,Research and Development
550,Kattie,McMonnies,kmcmonniesf9@addthis.com,Product Management
551,Thebault,Presswell,tpresswellfa@addtoany.com,Services
552,Dew,Filipyev,dfilipyevfb@java.com,Product Management
553,Thomasina,Boliver,tboliverfc@i2i.jp,Support
554,Filbert,Thecham,fthechamfd@exblog.jp,Support
555,Rudolf,Scrinage,rscrinagefe@acquirethisname.com,Product Management
556,Giffy,Vlach,gvlachff@skype.com,Accounting
557,Ree,Thick,rthickfg@guardian.co.uk,Legal
558,Emmi,Verzey,everzeyfh@ning.com,Business Development
559,Karita,Erratt,kerrattfi@hibu.com,Product Management
560,Leroy,Habbershon,lhabbershonfj@cloudflare.com,Research and Development
561,Isabelita,Bagge,ibaggefk@omniture.com,Business Development
562,Nydia,Seson,nsesonfl@slashdot.org,Marketing
563,Packston,Timbridge,ptimbridgefm@google.com,Support
564,Leigh,Le Breton De La Vieuville,llebretondelavieuvillefn@eventbrite.com,Research and Development
565,Bambi,Benoy,bbenoyfo@angelfire.com,Training
566,Vassily,Matiewe,vmatiewefp@ftc.gov,Research and Development
567,Lorettalorna,Halvorsen,lhalvorsenfq@reuters.com,Product Management
568,Kelila,Wellbank,kwellbankfr@homestead.com,Research and Development
569,Onofredo,Baudin,obaudinfs@dell.com,Support
570,Jecho,Medgewick,jmedgewickft@mozilla.org,Marketing
571,Karlens,Local,klocalfu@samsung.com,Legal
572,Camellia,Mayler,cmaylerfv@amazon.com,Product Management
573,Cordula,Oatley,coatleyfw@utexas.edu,Services
574,Dora,Beverage,dbeveragefx@theglobeandmail.com,Marketing
575,Jory,Sante,jsantefy@ftc.gov,Research and Development
576,Malynda,Scemp,mscempfz@statcounter.com,Business Development
577,Forest,Chesnay,fchesnayg0@hc360.com,Business Development
578,Rosalinda,Pengilley,rpengilleyg1@hexun.com,Marketing
579,Alano,Lanceter,alanceterg2@wordpress.com,Support
580,Budd,Keddie,bkeddieg3@bloglovin.com,Marketing
581,Davin,Mumm,dmummg4@nbcnews.com,Product Management
582,Georgena,Corderoy,gcorderoyg5@seattletimes.com,Support
583,Ashil,Rotter,arotterg6@twitpic.com,Product Management
584,Tracey,Gerson,tgersong7@virginia.edu,Sales
585,Melony,Davidzon,mdavidzong8@wufoo.com,Services
586,Carmelita,Sainte Paul,csaintepaulg9@mapy.cz,Product Management
587,Cherice,Sturney,csturneyga@dell.com,Engineering
588,Marysa,McArdle,mmcardlegb@house.gov,Accounting
589,Joey,Ruthven,jruthvengc@telegraph.co.uk,Research and Development
590,August,McKelloch,amckellochgd@examiner.com,Sales
591,Krishna,Birds,kbirdsge@youtube.com,Research and Development
592,Torrance,Lauderdale,tlauderdalegf@cbc.ca,Product Management
593,Lanae,Beccero,lbeccerogg@uiuc.edu,Training
594,Walliw,Starmer,wstarmergh@ucoz.ru,Human Resources
595,Rory,Belfitt,rbelfittgi@google.com.au,Engineering
596,Ike,Doeg,idoeggj@trellian.com,Engineering
597,Darb,Forton,dfortongk@elegantthemes.com,Human Resources
598,Stesha,Binyon,sbinyongl@hud.gov,Engineering
599,Burke,Olrenshaw,bolrenshawgm@washingtonpost.com,Services
600,Idaline,Ebben,iebbengn@sciencedaily.com,Services
601,Humfrey,Wohler,hwohlergo@amazonaws.com,Support
602,Marve,Rennenbach,mrennenbachgp@theglobeandmail.com,Accounting
603,Ronica,Nore,rnoregq@economist.com,Product Management
604,Tobin,Manvelle,tmanvellegr@imgur.com,Marketing
605,Forest,Revely,frevelygs@comcast.net,Research and Development
606,Karie,Bayle,kbaylegt@people.com.cn,Training
607,Francoise,Wycherley,fwycherleygu@epa.gov,Services
608,Aland,Slaight,aslaightgv@mozilla.org,Human Resources
609,Laurel,Biggins,lbigginsgw@springer.com,Accounting
610,Waiter,Brevitt,wbrevittgx@jugem.jp,Business Development
611,Marcia,Odeson,modesongy@businessinsider.com,Research and Development
612,Liza,Bernaciak,lbernaciakgz@amazon.co.jp,Legal
613,Jennette,Kreber,jkreberh0@homestead.com,Engineering
614,Roanne,Chopy,rchopyh1@discuz.net,Engineering
615,Nanon,Graber,ngraberh2@ocn.ne.jp,Services
616,Madeline,Agostini,magostinih3@sakura.ne.jp,Research and Development
617,Noak,Grannell,ngrannellh4@state.tx.us,Sales
618,Free,Blumer,fblumerh5@skype.com,Training
619,Zara,Seemmonds,zseemmondsh6@zdnet.com,Legal
620,Ermina,Liversage,eliversageh7@multiply.com,Accounting
621,Cassondra,Stedson,cstedsonh8@yellowbook.com,Support
622,Helaine,Tacon,htaconh9@howstuffworks.com,Research and Development
623,Cybill,Gaffon,cgaffonha@google.ru,Services
624,Daveta,Swatradge,dswatradgehb@google.com.br,Product Management
625,Martainn,St. Quintin,mstquintinhc@ucsd.edu,Business Development
626,Meier,Growcott,mgrowcotthd@engadget.com,Services
627,Martie,Eldered,melderedhe@sbwire.com,Accounting
628,Arlana,Heaton,aheatonhf@europa.eu,Training
629,Wit,O'Doghesty,wodoghestyhg@weebly.com,Support
630,Muffin,Bambrick,mbambrickhh@walmart.com,Human Resources
631,Lyell,Counsell,lcounsellhi@zimbio.com,Support
632,Chelsie,Sibson,csibsonhj@phoca.cz,Sales
633,Wake,Carvell,wcarvellhk@desdev.cn,Sales
634,Harold,Robins,hrobinshl@dailymotion.com,Research and Development
635,Valentino,Escofier,vescofierhm@berkeley.edu,Support
636,Rosie,Reglar,rreglarhn@tumblr.com,Services
637,Nikolaos,Widdicombe,nwiddicombeho@icio.us,Accounting
638,Keely,McWhannel,kmcwhannelhp@house.gov,Legal
639,Nelia,Pyett,npyetthq@ucoz.ru,Human Resources
640,Bobine,Kantor,bkantorhr@google.es,Product Management
641,Jordain,Adanez,jadanezhs@nifty.com,Product Management
642,Lynnelle,Jaukovic,ljaukovicht@loc.gov,Product Management
643,Reinaldo,Scoggin,rscogginhu@w3.org,Legal
644,Linn,Setchfield,lsetchfieldhv@ted.com,Training
645,Corenda,Ferrar,cferrarhw@army.mil,Training
646,Thurston,Gryglewski,tgryglewskihx@amazon.co.jp,Legal
647,Jay,Pervew,jpervewhy@newyorker.com,Legal
648,Ax,Emmanuel,aemmanuelhz@nationalgeographic.com,Support
649,Deb,Dunan,ddunani0@amazon.co.jp,Research and Development
650,Guinevere,Hinchon,ghinchoni1@tmall.com,Legal
651,Javier,Diben,jdibeni2@netlog.com,Services
652,Mia,Jalland,mjallandi3@nifty.com,Business Development
653,Gertrude,Durrell,gdurrelli4@webmd.com,Engineering
654,Keefe,Tarquinio,ktarquinioi5@clickbank.net,Training
655,Karlan,Giacobillo,kgiacobilloi6@bloglines.com,Training
656,Ahmad,Foulger,afoulgeri7@dion.ne.jp,Product Management
657,Fair,Gerrelts,fgerreltsi8@epa.gov,Business Development
658,Twila,Pagelsen,tpagelseni9@foxnews.com,Product Management
659,Norbie,Corstorphine,ncorstorphineia@rambler.ru,Services
660,Katrine,Fulford,kfulfordib@mail.ru,Sales
661,Dur,Ingerman,dingermanic@scribd.com,Sales
662,Jaclyn,O'Neal,jonealid@biblegateway.com,Business Development
663,Shannah,Rosenfelt,srosenfeltie@hostgator.com,Training
664,Allister,Antal,aantalif@rediff.com,Human Resources
665,Gram,Huish,ghuishig@kickstarter.com,Human Resources
666,Lizzie,Leathe,lleatheih@indiatimes.com,Services
667,Boone,Kingescot,bkingescotii@issuu.com,Human Resources
668,Ursulina,Fearnyhough,ufearnyhoughij@lulu.com,Research and Development
669,Jae,Shard,jshardik@about.com,Business Development
670,Randie,Quilkin,rquilkinil@xing.com,Human Resources
671,Burke,Nobes,bnobesim@sitemeter.com,Support
672,Shina,Checcuzzi,scheccuzziin@blogtalkradio.com,Marketing
673,Nara,Woodley,nwoodleyio@pagesperso-orange.fr,Accounting
674,Raeann,Lazar,rlazarip@fotki.com,Legal
675,Thorsten,Haibel,thaibeliq@feedburner.com,Training
676,Aguste,Metcalf,ametcalfir@nationalgeographic.com,Accounting
677,Brocky,Peachey,bpeacheyis@hp.com,Training
678,Elden,Skune,eskuneit@vimeo.com,Sales
679,Flossy,Kidney,fkidneyiu@msu.edu,Product Management
680,Ainsley,Duggan,adugganiv@webs.com,Research and Development
681,Pier,Clemett,pclemettiw@geocities.jp,Training
682,Tawsha,Stonnell,tstonnellix@china.com.cn,Training
683,Milt,Kliche,mklicheiy@latimes.com,Support
684,Maximilianus,Causey,mcauseyiz@behance.net,Training
685,Hadlee,Betterton,hbettertonj0@globo.com,Training
686,Link,Neaverson,lneaversonj1@europa.eu,Marketing
687,Ogden,Armsby,oarmsbyj2@guardian.co.uk,Sales
688,Cass,McNally,cmcnallyj3@msu.edu,Human Resources
689,Roberta,Kippax,rkippaxj4@4shared.com,Product Management
690,Noella,Meffin,nmeffinj5@upenn.edu,Services
691,Ferris,Skillen,fskillenj6@goo.gl,Legal
692,Roxi,Dalton,rdaltonj7@marriott.com,Human Resources
693,Milka,Sandyfirth,msandyfirthj8@army.mil,Training
694,Vanessa,Fforde,vffordej9@nydailynews.com,Services
695,Letizia,Fuller,lfullerja@1688.com,Human Resources
696,Caril,Fakeley,cfakeleyjb@berkeley.edu,Accounting
697,Winna,Haskett,whaskettjc@google.it,Accounting
698,Flo,Busby,fbusbyjd@uiuc.edu,Training
699,Doloritas,Binch,dbinchje@chicagotribune.com,Product Management
700,Ulysses,Hambright,uhambrightjf@wp.com,Product Management
701,Barbaraanne,Merwede,bmerwedejg@blogspot.com,Business Development
702,Marni,Durman,mdurmanjh@amazon.co.uk,Marketing
703,Aubrette,Arnhold,aarnholdji@comcast.net,Business Development
704,Katie,Cissell,kcisselljj@bluehost.com,Business Development
705,Guillaume,Lamzed,glamzedjk@independent.co.uk,Training
706,Keenan,Bushell,kbushelljl@usatoday.com,Services
707,Olin,Witts,owittsjm@slashdot.org,Services
708,Collette,Bengtsen,cbengtsenjn@geocities.jp,Sales
709,Carleton,Pull,cpulljo@printfriendly.com,Support
710,Raquel,Buttrey,rbuttreyjp@mail.ru,Legal
711,Jaquenette,Chipping,jchippingjq@usa.gov,Support
712,Rufus,Beiderbecke,rbeiderbeckejr@webmd.com,Legal
713,Simon,McGrail,smcgrailjs@wunderground.com,Engineering
714,Martita,Melior,mmeliorjt@twitpic.com,Business Development
715,Allard,Leese,aleeseju@dedecms.com,Services
716,Nickola,Vasiliev,nvasilievjv@flickr.com,Research and Development
717,Donetta,Romain,dromainjw@imageshack.us,Marketing
718,Grover,Siddon,gsiddonjx@dion.ne.jp,Business Development
719,Colman,Beetles,cbeetlesjy@ed.gov,Product Management
720,Porter,MacAlpine,pmacalpinejz@vinaora.com,Services
721,Tome,Bridgewater,tbridgewaterk0@cnet.com,Support
722,Mary,Britt,mbrittk1@discovery.com,Research and Development
723,Annabell,Ivory,aivoryk2@ocn.ne.jp,Product Management
724,Adrianna,Sidry,asidryk3@hugedomains.com,Training
725,Sammie,O'Flynn,soflynnk4@surveymonkey.com,Accounting
726,Sallie,Scotchmore,sscotchmorek5@diigo.com,Training
727,Colet,Dudbridge,cdudbridgek6@wiley.com,Sales
728,Katalin,Harrisson,kharrissonk7@example.com,Training
729,Erv,Perigo,eperigok8@yahoo.com,Legal
730,Ossie,Craker,ocrakerk9@state.gov,Sales
731,Farr,Elsmere,felsmereka@sakura.ne.jp,Product Management
732,Laurie,Beagin,lbeaginkb@ebay.com,Accounting
733,Kathrine,Collar,kcollarkc@blogger.com,Business Development
734,Mia,Bartelot,mbartelotkd@umn.edu,Engineering
735,Emmy,Goadbie,egoadbieke@discovery.com,Business Development
736,Zacharia,Pantone,zpantonekf@google.es,Legal
737,Barney,Frape,bfrapekg@ed.gov,Business Development
738,Bendix,Curmi,bcurmikh@unc.edu,Business Development
739,Blisse,Dranfield,bdranfieldki@gravatar.com,Human Resources
740,Ann-marie,Baise,abaisekj@squarespace.com,Human Resources
741,Viviana,Dadd,vdaddkk@google.nl,Business Development
742,Sissie,Shackell,sshackellkl@hubpages.com,Marketing
743,Jade,Eakin,jeakinkm@howstuffworks.com,Services
744,Brit,Kiera,bkierakn@engadget.com,Research and Development
745,Sherwynd,Catlow,scatlowko@1und1.de,Business Development
746,Lamont,Dingate,ldingatekp@rakuten.co.jp,Engineering
747,Zulema,Jirak,zjirakkq@slashdot.org,Engineering
748,Nicolais,Fields,nfieldskr@i2i.jp,Support
749,Melody,Colthard,mcolthardks@gnu.org,Legal
750,Maren,Skeleton,mskeletonkt@theguardian.com,Engineering
751,Colly,Suerz,csuerzku@tmall.com,Marketing
752,Zorana,Eales,zealeskv@artisteer.com,Marketing
753,Rebe,Follit,rfollitkw@163.com,Human Resources
754,Leicester,Ishaki,lishakikx@stanford.edu,Business Development
755,Brad,Gwinn,bgwinnky@mapquest.com,Research and Development
756,Lindsey,Redhills,lredhillskz@skype.com,Business Development
757,Cynde,Iles,cilesl0@cornell.edu,Services
758,Jorie,Aleksankov,jaleksankovl1@ocn.ne.jp,Training
759,Rossy,Chave,rchavel2@is.gd,Marketing
760,Jenny,Frankum,jfrankuml3@businessinsider.com,Sales
761,Goddart,Krabbe,gkrabbel4@homestead.com,Accounting
762,Paulie,Peschet,ppeschetl5@nature.com,Product Management
763,Nicky,Fullylove,nfullylovel6@wiley.com,Support
764,Thaddeus,Blaze,tblazel7@linkedin.com,Marketing
765,Karol,Cersey,kcerseyl8@yellowbook.com,Product Management
766,Raul,Grocock,rgrocockl9@vimeo.com,Marketing
767,Marlo,Sheards,msheardsla@arstechnica.com,Accounting
768,Franny,De Vere,fdeverelb@berkeley.edu,Marketing
769,Remus,Minci,rmincilc@slashdot.org,Sales
770,Rurik,Mulvey,rmulveyld@state.tx.us,Research and Development
771,Viviana,Hoyle,vhoylele@4shared.com,Training
772,Serena,Domengue,sdomenguelf@tmall.com,Human Resources
773,Lina,Grigorkin,lgrigorkinlg@amazon.com,Engineering
774,Fields,Sprackling,fspracklinglh@themeforest.net,Training
775,Sheridan,Eames,seamesli@constantcontact.com,Product Management
776,Venus,Golden of Ireland,vgoldenofirelandlj@dmoz.org,Legal
777,Benedikt,Youthead,byoutheadlk@cdc.gov,Training
778,Blisse,Yegorov,byegorovll@msn.com,Business Development
779,Gearard,Drohun,gdrohunlm@facebook.com,Support
780,Kala,Garmey,kgarmeyln@ning.com,Accounting
781,Darb,Rice,dricelo@guardian.co.uk,Research and Development
782,Brunhilda,Addy,baddylp@ucsd.edu,Marketing
783,Drucill,Birkinshaw,dbirkinshawlq@technorati.com,Training
784,Erroll,Joontjes,ejoontjeslr@cargocollective.com,Training
785,Shandie,Bussey,sbusseyls@loc.gov,Services
786,Ashil,Mallon,amallonlt@mashable.com,Support
787,Herve,Mc Ilwrick,hmcilwricklu@tinyurl.com,Sales
788,Dyane,Eick,deicklv@unc.edu,Training
789,Inesita,Smickle,ismicklelw@bloglovin.com,Sales
790,Mortie,Knatt,mknattlx@domainmarket.com,Services
791,Kennedy,Nower,knowerly@seattletimes.com,Product Management
792,Bax,Freke,bfrekelz@shareasale.com,Human Resources
793,Glen,Lutton,gluttonm0@liveinternet.ru,Services
794,Sam,Elks,selksm1@netscape.com,Accounting
795,Georgina,Gerbl,ggerblm2@cdbaby.com,Research and Development
796,Leona,Ellul,lellulm3@dailymotion.com,Business Development
797,Grazia,Lopez,glopezm4@miitbeian.gov.cn,Human Resources
798,Madelin,Amys,mamysm5@baidu.com,Sales
799,Cleavland,Grzeszczyk,cgrzeszczykm6@state.gov,Accounting
800,Emlen,Shimuk,eshimukm7@networkadvertising.org,Sales
801,Nick,Easey,neaseym8@acquirethisname.com,Marketing
802,Bernadine,Kroll,bkrollm9@netvibes.com,Sales
803,Ryley,Jones,rjonesma@naver.com,Legal
804,Rodi,Clemmett,rclemmettmb@mlb.com,Product Management
805,Carlin,Lerwill,clerwillmc@mashable.com,Services
806,Townie,Pimblott,tpimblottmd@umn.edu,Support
807,Rafaela,Gribbon,rgribbonme@tripadvisor.com,Legal
808,Sharia,D'Arrigo,sdarrigomf@discovery.com,Research and Development
809,Reena,Merryman,rmerrymanmg@shareasale.com,Marketing
810,L;urette,Ummfrey,lummfreymh@time.com,Support
811,Kym,Itscovitz,kitscovitzmi@scientificamerican.com,Services
812,Justinian,Winckworth,jwinckworthmj@blog.com,Sales
813,Melonie,Bulch,mbulchmk@mozilla.com,Product Management
814,Verina,Torvey,vtorveyml@mediafire.com,Accounting
815,Becka,Roulston,broulstonmm@is.gd,Accounting
816,Sol,Brisco,sbriscomn@ning.com,Accounting
817,Binnie,Forgie,bforgiemo@sohu.com,Research and Development
818,Cairistiona,Oven,covenmp@discuz.net,Accounting
819,Thorndike,Brocklesby,tbrocklesbymq@imageshack.us,Support
820,Westleigh,Radbone,wradbonemr@godaddy.com,Sales
821,Rodney,Werndly,rwerndlyms@hud.gov,Engineering
822,Dall,Zarfati,dzarfatimt@eventbrite.com,Human Resources
823,Theodosia,Danelutti,tdaneluttimu@prlog.org,Legal
824,Korella,Prott,kprottmv@loc.gov,Human Resources
825,Nessie,Shimuk,nshimukmw@so-net.ne.jp,Business Development
826,Giuditta,Jannasch,gjannaschmx@techcrunch.com,Support
827,Lanny,Wheatland,lwheatlandmy@usda.gov,Services
828,Nappie,Revell,nrevellmz@slate.com,Legal
829,Wilt,Locarno,wlocarnon0@flickr.com,Support
830,Beryle,Gobolos,bgobolosn1@163.com,Accounting
831,Kendre,Moakler,kmoaklern2@blinklist.com,Services
832,Curry,Hanstock,chanstockn3@de.vu,Research and Development
833,Hinze,Gravett,hgravettn4@sun.com,Legal
834,Miquela,Alexsandrowicz,malexsandrowiczn5@cnn.com,Legal
835,Gretna,Westney,gwestneyn6@prlog.org,Research and Development
836,Brit,Fisby,bfisbyn7@slideshare.net,Human Resources
837,Cammi,Doidge,cdoidgen8@constantcontact.com,Business Development
838,Wendell,Mayworth,wmayworthn9@yahoo.com,Research and Development
839,Magdalen,Rides,mridesna@bizjournals.com,Sales
840,Stanwood,Cantera,scanteranb@merriam-webster.com,Support
841,Gabrila,Danbrook,gdanbrooknc@globo.com,Support
842,Weylin,Cobbin,wcobbinnd@weebly.com,Marketing
843,Renato,Oxbrough,roxbroughne@liveinternet.ru,Human Resources
844,Natassia,Mulqueen,nmulqueennf@howstuffworks.com,Research and Development
845,Anestassia,Bonefant,abonefantng@rediff.com,Marketing
846,Prentiss,Phelips,pphelipsnh@pcworld.com,Support
847,Manuel,Swinerd,mswinerdni@google.com.hk,Legal
848,Nicoli,Jolliff,njolliffnj@utexas.edu,Training
849,Pierrette,Frenzel;,pfrenzelnk@webs.com,Training
850,Julio,Halms,jhalmsnl@webs.com,Business Development
851,Jeanna,Loftie,jloftienm@gravatar.com,Sales
852,Parsifal,Aspole,paspolenn@simplemachines.org,Services
853,Bibbie,Bowcock,bbowcockno@chronoengine.com,Training
854,Caro,Duffet,cduffetnp@skyrock.com,Support
855,Margaretha,Borkin,mborkinnq@i2i.jp,Research and Development
856,Caprice,Bonnor,cbonnornr@apple.com,Support
857,Tamiko,Greggs,tgreggsns@jiathis.com,Legal
858,Quintilla,Hindmore,qhindmorent@psu.edu,Marketing
859,Flor,Skyrm,fskyrmnu@wix.com,Business Development
860,Leela,Jantel,ljantelnv@moonfruit.com,Business Development
861,Dacy,Kochs,dkochsnw@google.cn,Business Development
862,Ricky,Hale,rhalenx@rambler.ru,Business Development
863,Brigitte,Amner,bamnerny@mail.ru,Sales
864,Maxy,Udie,mudienz@engadget.com,Legal
865,Rae,Loxly,rloxlyo0@ocn.ne.jp,Services
866,Hernando,Tracy,htracyo1@friendfeed.com,Sales
867,Linnet,Aldcorne,laldcorneo2@edublogs.org,Support
868,Georgie,Wickling,gwicklingo3@usda.gov,Sales
869,Franky,Buttrum,fbuttrumo4@netlog.com,Legal
870,Dulcia,Agett,dagetto5@amazon.co.uk,Training
871,Karyl,Laxson,klaxsono6@themeforest.net,Human Resources
872,Anetta,Dybald,adybaldo7@storify.com,Training
873,Whitney,Dufer,wdufero8@shinystat.com,Business Development
874,Sonnie,Dowsett,sdowsetto9@flavors.me,Human Resources
875,Lindi,Halladey,lhalladeyoa@rediff.com,Engineering
876,Mady,Puckey,mpuckeyob@skyrock.com,Accounting
877,Cord,Scramage,cscramageoc@wiley.com,Product Management
878,Darline,Dorrins,ddorrinsod@blinklist.com,Human Resources
879,Cary,Bogue,cbogueoe@jiathis.com,Services
880,Salomi,Porritt,sporrittof@usa.gov,Engineering
881,Nahum,Dransfield,ndransfieldog@dion.ne.jp,Support
882,Hebert,Sudran,hsudranoh@qq.com,Research and Development
883,Heddie,Capoun,hcapounoi@slashdot.org,Support
884,Jereme,Kenny,jkennyoj@webmd.com,Product Management
885,Oates,Grishukov,ogrishukovok@taobao.com,Research and Development
886,Dyan,Cornfoot,dcornfootol@va.gov,Services
887,Dermot,Wrate,dwrateom@geocities.jp,Support
888,Joela,Breckenridge,jbreckenridgeon@disqus.com,Business Development
889,Robina,Dorey,rdoreyoo@arstechnica.com,Services
890,Jefferson,Galer,jgalerop@comcast.net,Business Development
891,Dinny,Rao,draooq@chron.com,Sales
892,Martainn,Shah,mshahor@360.cn,Research and Development
893,Lyell,Tessyman,ltessymanos@hud.gov,Legal
894,Cori,Burtenshaw,cburtenshawot@engadget.com,Sales
895,Hailey,Cuddy,hcuddyou@usgs.gov,Legal
896,Frazier,Shieber,fshieberov@cmu.edu,Training
897,Dav,Louch,dlouchow@netvibes.com,Accounting
898,Roshelle,Winsper,rwinsperox@ustream.tv,Product Management
899,Emmet,Harkness,eharknessoy@addthis.com,Training
900,Jennilee,Farndale,jfarndaleoz@columbia.edu,Research and Development
901,Sigfrid,Eastes,seastesp0@ezinearticles.com,Training
902,Minni,Shellshear,mshellshearp1@rambler.ru,Research and Development
903,Morrie,Matusson,mmatussonp2@discovery.com,Product Management
904,Brinn,Rogister,brogisterp3@elpais.com,Support
905,Chadwick,McFetridge,cmcfetridgep4@irs.gov,Marketing
906,Binky,Pinsent,bpinsentp5@trellian.com,Accounting
907,Drusie,Leuren,dleurenp6@multiply.com,Engineering
908,Glennie,Sutworth,gsutworthp7@blogs.com,Research and Development
909,Andromache,Larroway,alarrowayp8@examiner.com,Research and Development
910,Katrinka,Loncaster,kloncasterp9@dell.com,Product Management
911,Petronella,Cuthill,pcuthillpa@infoseek.co.jp,Business Development
912,Cullin,Linklet,clinkletpb@pen.io,Human Resources
913,Nerita,Couves,ncouvespc@hp.com,Business Development
914,Vasili,Francescoccio,vfrancescocciopd@yellowbook.com,Research and Development
915,Cyb,Brixham,cbrixhampe@aboutads.info,Engineering
916,Madelon,Parfett,mparfettpf@youku.com,Accounting
917,Melva,Ohrtmann,mohrtmannpg@spotify.com,Legal
918,Malynda,Kensley,mkensleyph@plala.or.jp,Research and Development
919,Hilarius,Neate,hneatepi@naver.com,Engineering
920,Cesar,Willans,cwillanspj@seattletimes.com,Business Development
921,Sergio,Whife,swhifepk@i2i.jp,Services
922,Esdras,Venditti,evendittipl@alexa.com,Sales
923,Durante,Grunson,dgrunsonpm@elpais.com,Human Resources
924,Willey,Murkitt,wmurkittpn@deviantart.com,Accounting
925,Margaretha,Ching,mchingpo@weibo.com,Product Management
926,Garik,Oganesian,goganesianpp@npr.org,Business Development
927,Sonnie,Vitet,svitetpq@ycombinator.com,Legal
928,Gracia,Daveren,gdaverenpr@elegantthemes.com,Accounting
929,Cassius,Burdas,cburdasps@wikia.com,Training
930,Farrell,O'Kinneally,fokinneallypt@time.com,Human Resources
931,Emelita,Thickins,ethickinspu@yelp.com,Services
932,Ado,Baitson,abaitsonpv@printfriendly.com,Business Development
933,Marge,Urridge,murridgepw@about.com,Marketing
934,Parnell,Mustin,pmustinpx@yelp.com,Legal
935,Shanie,Whatmough,swhatmoughpy@quantcast.com,Training
936,Geno,Ludwell,gludwellpz@cafepress.com,Sales
937,Ciro,Cudde,ccuddeq0@hugedomains.com,Services
938,Caresa,McDowell,cmcdowellq1@zimbio.com,Research and Development
939,Brett,Georger,bgeorgerq2@reuters.com,Legal
940,Ramona,Sears,rsearsq3@google.com.au,Marketing
941,Sibbie,Wharby,swharbyq4@princeton.edu,Research and Development
942,Emmanuel,Giorgioni,egiorgioniq5@ask.com,Services
943,Kara,O'Keeffe,kokeeffeq6@gov.uk,Product Management
944,Dayle,Enoksson,denokssonq7@people.com.cn,Legal
945,Hazel,Tungate,htungateq8@msu.edu,Services
946,Jillane,Levicount,jlevicountq9@marriott.com,Research and Development
947,Iorgos,Stoaks,istoaksqa@usatoday.com,Engineering
948,Broderick,Yashunin,byashuninqb@bbb.org,Sales
949,Nichols,BoHlingolsen,nbohlingolsenqc@marketwatch.com,Accounting
950,Sabina,Foort,sfoortqd@elpais.com,Accounting
951,Todd,Wheatman,twheatmanqe@wisc.edu,Human Resources
952,Clyde,Orteau,corteauqf@pcworld.com,Sales
953,Joey,Penzer,jpenzerqg@t-online.de,Engineering
954,Glenn,Eymor,geymorqh@livejournal.com,Product Management
955,Lesya,Peto,lpetoqi@reddit.com,Business Development
956,Rebekkah,Eustis,reustisqj@51.la,Sales
957,Lucho,Burtwistle,lburtwistleqk@prnewswire.com,Business Development
958,Oliy,Wisdish,owisdishql@weibo.com,Legal
959,Juliane,Slopier,jslopierqm@goodreads.com,Engineering
960,Loralyn,Owtram,lowtramqn@yandex.ru,Research and Development
961,Tam,Rabbage,trabbageqo@about.me,Product Management
962,Seamus,Muschette,smuschetteqp@rakuten.co.jp,Research and Development
963,Teirtza,Folbigg,tfolbiggqq@creativecommons.org,Business Development
964,Rosalinda,Crowdson,rcrowdsonqr@zimbio.com,Sales
965,Diann,Buckler,dbucklerqs@cbsnews.com,Human Resources
966,Faina,Keyse,fkeyseqt@weather.com,Human Resources
967,Dix,Humpherston,dhumpherstonqu@php.net,Services
968,Kalina,Matyja,kmatyjaqv@google.co.uk,Training
969,Cherin,Levicount,clevicountqw@unicef.org,Human Resources
970,Ken,Place,kplaceqx@nationalgeographic.com,Human Resources
971,Carlota,Urvoy,curvoyqy@hhs.gov,Accounting
972,Ericha,Dumbelton,edumbeltonqz@senate.gov,Business Development
973,Charla,Hounihan,chounihanr0@cnn.com,Business Development
974,Korey,Farragher,kfarragherr1@twitpic.com,Marketing
975,Barn,Brigman,bbrigmanr2@whitehouse.gov,Research and Development
976,Barbi,MacSkeaghan,bmacskeaghanr3@ucla.edu,Product Management
977,Judith,Matonin,jmatoninr4@sakura.ne.jp,Legal
978,Tuckie,Rastall,trastallr5@elegantthemes.com,Services
979,Kalina,Rolfs,krolfsr6@google.ru,Sales
980,Michell,Bonifazio,mbonifazior7@jimdo.com,Engineering
981,Levi,Drew,ldrewr8@webs.com,Services
982,Brandice,Reith,breithr9@skyrock.com,Marketing
983,Jarrad,Farrent,jfarrentra@rediff.com,Training
984,Phedra,Buckerfield,pbuckerfieldrb@europa.eu,Legal
985,Giffy,Simkovitz,gsimkovitzrc@privacy.gov.au,Business Development
986,Elisha,Peltz,epeltzrd@si.edu,Human Resources
987,Yolande,Crossley,ycrossleyre@springer.com,Support
988,Briana,Crosby,bcrosbyrf@prlog.org,Human Resources
989,Leena,Darlaston,ldarlastonrg@t.co,Engineering
990,Annnora,Glader,agladerrh@princeton.edu,Sales
991,Jae,Macconachy,jmacconachyri@jimdo.com,Marketing
992,Noreen,Fish,nfishrj@princeton.edu,Product Management
993,Cullin,Pittman,cpittmanrk@mapy.cz,Human Resources
994,Kippie,Milson,kmilsonrl@columbia.edu,Training
995,Mylo,Sculley,msculleyrm@weebly.com,Engineering
996,Doyle,Fallowes,dfallowesrn@theglobeandmail.com,Sales
997,Hilary,Poltone,hpoltonero@dmoz.org,Sales
998,Morton,Littler,mlittlerrp@com.com,Engineering
999,Anderea,Swaffer,aswafferrq@gravatar.com,Product Management
1000,Daniel,Hansed,dhansedrr@flickr.com,Legal
